City,State
Aurora,Illinois
Carbondale,Illinois
Champaign,Illinois
Chicago,Illinois
Cicero,Illinois
Danville,Illinois
Decatur,Illinois
East St. Louis,Illinois
Elgin,Illinois
Joliet,Illinois
Moline,Illinois
Oak Park,Illinois
Peoria,Illinois
Rockford,Illinois
Urbana,Illinois
Biloxi,Mississippi
Brandon,Mississippi
Clarksdale,Mississippi
Clinton,Mississippi
Greenville,Mississippi
Greenwood,Mississippi
Gulfport,Mississippi
Horn Lake,Mississippi
Jackson,Mississippi
Meridian,Mississippi
Natchez,Mississippi
Olive Branch,Mississippi
Pascagoula,Mississippi
Ridgeland,Mississippi
Southhaven,Mississippi
Starkville,Mississippi
Vicksburg,Mississippi
Artesia,New Mexico
Elephant Butte,New Mexico
Espanola,New Mexico
Las Cruces,New Mexico
Los Alamos,New Mexico
Los Lunas,New Mexico
Mesilla,New Mexico
Rio Rancho,New Mexico
Santa Fe,New Mexico
Silver City,New Mexico
Charleston,South Carolina
Columbia,South Carolina
Goose Creek,South Carolina
Greenville,South Carolina
Hilton Head,South Carolina
Mount Pleasant,South Carolina
North Charleston,South Carolina
Rock Hill,South Carolina
Summerville,South Carolina
Sumter,South Carolina
Altoona,Wisconsin
Glendale,Wisconsin
Mequon,Wisconsin
Racine,Wisconsin
Shorewood,Wisconsin
Superior,Wisconsin
Waukesha,Wisconsin
Wauwatosa,Wisconsin
Aguilar,Colorado
Alma,Colorado
Berthoud,Colorado
Blue River,Colorado
Brush,Colorado
Central City,Colorado
Columbine Valley,Colorado
Commerce City,Colorado
De Beque,Colorado
Del Norte,Colorado
Edgewater,Colorado
Estes Park,Colorado
Fairplay,Colorado
Frederick,Colorado
Garden City,Colorado
Granby,Colorado
Idaho Springs,Colorado
Julesburg,Colorado
La Jara,Colorado
Mancos,Colorado
New Castle,Colorado
Ouray,Colorado
Palisade,Colorado
Paonia,Colorado
Pierce,Colorado
Rangley,Colorado
Timnath,Colorado
Victor,Colorado
Wellington,Colorado
Windsor,Colorado
Wray,Colorado
Yuma ,Colorado
Alachua County,Florida
Fort Lauderdale,Florida
Hollywood,Florida
Lake Worth,Florida
Miami Beach,Florida
Ocala,Florida
Polk County,Florida
St. Augustine,Florida
St. Petersburg,Florida
Barre,Vermont
Bennington,Vermont
Brattleboro,Vermont
Montpelier,Vermont
Rutland Town,Vermont
Winooski,Vermont
Altoona,Iowa
Ankeny,Iowa
Cedar Rapids,Iowa
Clive,Iowa
Council Bluffs,Iowa
Davenport,Iowa
Des Moines,Iowa
Grimes,Iowa
Indianola,Iowa
Iowa City,Iowa
Johnston,Iowa
Norwalk,Iowa
Sioux City,Iowa
Urbandale,Iowa
Waukee,Iowa
West Des Moines,Iowa
Adams,Oregon
Albany,Oregon
Ashland,Oregon
Bandon,Oregon
Banks,Oregon
Bay City,Oregon
Brookings,Oregon
Carlton,Oregon
Cave Junction,Oregon
Central Point,Oregon
Chiloquin,Oregon
Columbia City,Oregon
Coos Bay,Oregon
Corvallis,Oregon
Cottage Grove,Oregon
Culver,Oregon
Dallas,Oregon
Enterprise,Oregon
Garibaldi,Oregon
Gold Beach,Oregon
Grants Pass,Oregon
Happy Valley,Oregon
Harrisburg,Oregon
Hubbard,Oregon
Jacksonville,Oregon
Jefferson,Oregon
Junction City,Oregon
Klamath Falls,Oregon
Lafayette,Oregon
Lake Oswego,Oregon
Lebanon,Oregon
Lincoln City,Oregon
Malin,Oregon
Manzanita,Oregon
Medford,Oregon
Mill City,Oregon
Milton-Freewater,Oregon
Newberg,Oregon
North Bend,Oregon
Nyssa,Oregon
Pendleton,Oregon
Philomath,Oregon
Phoenix,Oregon
Pilot Rock,Oregon
Prineville,Oregon
Rainier,Oregon
Rogue River,Oregon
Roseburg,Oregon
Seaside,Oregon
Sheridan,Oregon
Silverton,Oregon
Springfield,Oregon
Stayton,Oregon
Sutherlin,Oregon
Umatilla (city),Oregon
Union (city),Oregon
Waldport,Oregon
Warrenton,Oregon
Willamina,Oregon
Wilsonville,Oregon
Sacramento County,California
Aurora,Ohio
Beavercreek,Ohio
Bexley,Ohio
Brooklyn,Ohio
Brooklyn Heights,Ohio
Canal Fulton,Ohio
Canfield,Ohio
Canton,Ohio
Chagrin Falls,Ohio
Chardon,Ohio
Chillicothe,Ohio
"Cincinnati, Ohio",Ohio
Circleville,Ohio
Cortland,Ohio
Dalton,Ohio
Eastlake,Ohio
Euclid,Ohio
Fairborn,Ohio
Findlay,Ohio
Garfield Heights,Ohio
Grove City,Ohio
Hamilton County Parks,Ohio
Heath,Ohio
Hubbard,Ohio
Kent,Ohio
Lancaster,Ohio
Lexington,Ohio
Linndale,Ohio
Lorain,Ohio
Mansfield,Ohio
Massillon,Ohio
Medina,Ohio
Mentor,Ohio
Mentor on the lake,Ohio
Mt. Healthy,Ohio
Newark,Ohio
Newton Falls,Ohio
North Canton,Ohio
Norton,Ohio
Oberlin,Ohio
Obetz,Ohio
Ontario,Ohio
Piqua,Ohio
Reading,Ohio
Richmond Heights,Ohio
Rittman,Ohio
Salem,Ohio
Seven Hills,Ohio
Sidney,Ohio
Silverton,Ohio
South Euclid,Ohio
Springfield,Ohio
St Bernard,Ohio
Stow,Ohio
Summit County,Ohio
Tallmadge,Ohio
Troy,Ohio
Twinsburg,Ohio
Wapakoneta,Ohio
West Carrollton,Ohio
West Jefferson,Ohio
Westerville,Ohio
Whitehall,Ohio
Whitehouse,Ohio
Woodlawn,Ohio
Woodmere,Ohio
Worthington,Ohio
Xenia,Ohio
Youngstown,Ohio